toe,impose,senior,bike,mobile,measure,exhibit,umbrella,aspect,hollow,rubber,guide,orchard,attend,ivory,fold,glue,pool,nose,kangaroo,talent,cake,exchange,lab,wedding,verify,brush,there,glory,phrase,maid,skin,settle,limb,post,brother,clarify,wink,pond,boost,online,birth,shine,elegant,festival,arrive,morning,silver,slide,inflict,exact,deer,oyster,viable,edit,breeze,ramp,book,father,govern,hero,clog,year,budget,stadium,solid,soda,about,tide,entire,citizen,want,obtain,rent,agree,zero,this,feature,pole,olympic,pulse,section,pear,very,license,afraid,cereal,leopard,public,link,trim,method,traffic,vocal,possible,sell,cat,gallery,ketchup,desk,addict,today,beauty,arena,card,brain,cabin,omit,meat,loud,matrix,glance,august,window,ski,throw,width,sense,height,alcohol,upset,mule,wrist,appear,random,share,property,what
erode,caught,topple,hat,vessel,kick,machine,actress,equal,search,during,shoulder,garment,creek,pottery,dirt,valid,salute,unfold,puzzle,boring,chimney,frequent,cave,fee,rocket,mail,ceiling,tonight,thought,make,speak,stage,trial,bubble,fiber,dinosaur,valley,social,joy,relief,head,knee,gather,cupboard,razor,economy,suggest,time,guitar,agent,shuffle,flower,position,asset,museum,load,sound,clean,cruise,monster,hello,check,arctic,sadness,cup,arrest,ordinary,peasant,alert,receive,fortune,idle,liar,bounce,inject,eye,fruit,language,design,borrow,reason,metal,admit,move,word,typical,finish,behave,news,rebel,bullet,exist,bottom,spy,donate,cabbage,crash,insect,immense,wish,angry,fish,uncle,still,wreck,poet,own,process,fuel,category,ill,case,panic,jar,never,train,market,sock,decide,spawn,margin,believe,bicycle,display,again,current,deputy
chronic,disorder,blue,ladder,worth,brand,sister,spend,pet,visa,volcano,feel,walk,present,praise,wool,miss,pilot,swarm,all,camera,uncover,relax,goose,pipe,lawsuit,sponsor,journey,chef,easy,quit,honey,cliff,vote,crop,delay,improve,figure,announce,slogan,dance,way,vintage,invest,celery,elevator,holiday,concert,snack,slab,twelve,question,boil,harsh,claim,dwarf,dynamic,find,hour,tube,myself,cheese,gun,wagon,canvas,piano,scale,slush,actual,elbow,flee,demise,collect,parent,vital,give,next,peanut,remove,trip,front,knife,step,enough,pencil,blush,youth,marine,party,rude,reduce,then,remember,buyer,attack,person,truck,bacon,evolve,slim,annual,mansion,drill,camp,dose,cube,divert,vast,miracle,disease,mandate,grunt,buddy,protect,bulb,heavy,sample,script,rabbit,gadget,pink,float,safe,inch,patrol,rally,prepare,trophy
outdoor,orbit,rookie,kind,rack,add,suffer,grid,ice,quarter,melt,genuine,ability,level,mimic,square,cousin,soul,chalk,devote,panel,tool,unhappy,portion,income,cloth,wide,emerge,future,beef,lens,coil,multiply,judge,stumble,enhance,have,when,local,field,point,catch,hold,steel,avocado,outside,craft,tornado,tobacco,identify,access,story,owner,coyote,rhythm,smile,myth,title,west,easily,busy,legal,image,example,slam,harvest,beyond,stock,media,better,gaze,course,sketch,aunt,alley,purchase,occur,shoe,surge,engage,apple,buzz,call,witness,gauge,shrug,reflect,simple,science,key,lecture,office,neck,visual,latin,abandon,stand,index,sheriff,type,soon,large,woman,deny,live,huge,physical,city,smart,symptom,copy,vanish,affair,rifle,axis,tower,inmate,fan,silent,kiwi,slight,thunder,lounge,author,else,express,music,slice
mango,hundred,phone,wise,pen,burger,ostrich,junior,scrap,proof,album,forward,water,sauce,derive,bamboo,wisdom,dizzy,amazing,arch,two,upper,model,inherit,slender,amount,element,leader,brick,cruel,table,radar,wife,valve,fragile,grace,cherry,parade,sort,worry,fine,plunge,depart,basic,blade,weapon,draft,core,arrow,hill,execute,leg,pistol,dress,label,first,hurdle,crime,leisure,expire,solar,because,coral,average,company,purity,program,tilt,utility,armor,depend,ship,expand,logic,palm,host,cattle,shove,muscle,wheel,virus,math,panda,car,defy,hazard,exclude,tag,great,excess,dog,seven,round,impulse,neutral,napkin,comic,forest,session,crowd,bench,wing,nominee,pride,fantasy,fiscal,awkward,wood,flag,term,family,rare,chunk,street,nasty,happy,puppy,asthma,weekend,divide,ocean,giraffe,shadow,mechanic,provide,awesome,wolf,pause
helmet,spring,lunar,innocent,obscure,lazy,skull,raise,oppose,impact,enact,march,attitude,antique,sausage,sudden,unique,raven,inquiry,jacket,swear,hidden,roof,enlist,wet,neglect,route,absorb,ranch,arm,leaf,response,target,torch,voyage,zebra,write,goat,sustain,result,captain,gesture,siege,dream,observe,decline,novel,endless,power,mask,already,ribbon,adapt,cricket,explain,essay,place,differ,mountain,build,cash,letter,acid,aim,room,input,circle,casino,elder,boss,husband,seed,skill,domain,total,return,whale,dilemma,lucky,capable,wage,number,sphere,scan,bitter,pig,just,diet,install,weather,siren,intact,hole,escape,tongue,tone,robust,faint,antenna,dinner,combine,green,magic,defense,history,matter,fashion,energy,force,athlete,potato,into,scene,tip,cream,obey,tree,cute,analyst,vague,purpose,faith,race,fire,habit,fence,final,chief
warm,galaxy,hair,perfect,soldier,hockey,dentist,child,rain,quiz,virtual,walnut,goddess,where,filter,false,calm,organ,couple,initial,laundry,armed,mystery,problem,chat,smooth,garage,pluck,fork,satoshi,carpet,switch,hub,chapter,guilt,narrow,cage,day,icon,picture,cinnamon,spoon,wine,capital,above,pact,truth,whisper,sunset,view,shell,canoe,ethics,thumb,guess,popular,imitate,leave,mix,swim,supreme,rescue,sea,jump,draw,nature,purse,twin,pledge,verb,symbol,vault,movie,change,you,track,extend,artwork,tissue,cost,seek,flock,beach,curious,text,file,invite,surround,equip,clown,toddler,mammal,culture,electric,flavor,joke,polar,weird,violin,swing,advice,hope,click,coach,high,address,negative,border,theory,gift,decade,candy,sick,remain,kitchen,wear,reveal,scorpion,student,follow,horror,ensure,blame,critic,olive,limit,fatal,tuna
hint,deal,punch,crucial,silk,stone,naive,drastic,grief,exile,resource,smoke,body,use,river,junk,blood,ecology,ritual,business,interest,black,item,opinion,comfort,slot,giggle,primary,bid,rapid,dragon,cheap,police,eagle,ball,wire,trumpet,three,between,kid,shed,estate,school,gentle,injury,era,federal,denial,frame,entry,come,north,syrup,night,nut,certain,census,please,major,wash,double,laugh,country,wealth,act,truly,vivid,rug,oak,control,bag,trade,young,rotate,ankle,decorate,tortoise,cry,sunny,whip,pupil,fresh,gasp,orient,gym,enable,airport,moment,retire,wonder,shy,pair,hungry,situate,liberty,crawl,record,cotton,trash,device,oxygen,soft,solve,nurse,ride,envelope,grape,lawn,below,error,pattern,loyal,female,genre,damage,conduct,peace,cook,spoil,member,banana,fat,daring,segment,crane,mushroom,seat,sentence
now,burst,zone,funny,auction,color,area,cart,bomb,stool,resemble,scatter,despair,that,team,direct,pave,girl,vacuum,hamster,opera,floor,prevent,cushion,decrease,face,across,palace,fix,ask,diagram,clip,thing,unfair,twist,few,system,ready,glad,wrong,army,ahead,life,weasel,fox,empty,various,service,door,drive,spray,secret,clap,maze,spare,raw,cause,quote,stay,lemon,spot,taxi,exotic,vendor,network,crack,october,cannon,soup,success,reunion,lottery,aerobic,nerve,hedgehog,proud,lyrics,pony,amused,rural,trouble,artefact,liquid,extra,amateur,original,april,doll,order,accident,silly,dolphin,alpha,survey,trigger,oven,million,end,subway,ignore,pioneer,eight,foam,assist,magnet,open,salon,vehicle,faculty,chuckle,sad,once,must,muffin,tape,run,climb,column,plug,snap,earn,before,february,submit,genius,empower,fame,evidence
mutual,caution,paddle,shock,small,jazz,much,dish,turkey,kite,couch,orange,civil,work,rival,humor,badge,elephant,any,retreat,often,begin,unusual,normal,match,consider,clock,distance,grant,custom,divorce,dutch,gown,produce,mistake,spice,sport,meadow,tragic,update,artist,actor,toy,fade,fly,insane,bleak,shift,debate,chair,hawk,exit,include,spin,discover,toward,mean,suspect,lizard,lonely,avoid,bring,upon,veteran,road,choose,crumble,struggle,cloud,tennis,top,indoor,jelly,since,upgrade,right,pigeon,churn,flat,marble,angle,around,scout,barely,digital,glimpse,garbage,food,try,wheat,sting,speed,size,parrot,approve,sure,short,okay,slow,tomato,fabric,infant,brown,bus,unlock,usual,later,bone,useless,allow,trust,supply,correct,embark,will,tank,anger,evoke,able,good,blanket,bulk,super,disagree,trend,betray,rib,penalty
scissors,indicate,eyebrow,almost,minor,kit,salmon,wait,remind,similar,gas,voice,skate,feed,note,danger,seminar,patch,mention,tomorrow,sail,enter,manage,rate,vapor,notable,fury,know,juice,dice,picnic,carry,another,world,glove,home,assume,offer,prosper,tenant,effort,lift,enforce,dignity,depth,glass,transfer,biology,blind,same,blouse,drum,dismiss,usage,fun,fossil,foster,someone,alter,keep,general,chase,tail,trick,paper,club,robot,guard,friend,obvious,tiny,favorite,sibling,together,hand,practice,sorry,buffalo,cable,surprise,frog,swap,famous,diary,hire,misery,idea,tackle,more,recall,topic,release,pudding,price,tired,plastic,base,task,cover,main,alone,shaft,region,inform,rose,among,flight,casual,light,shrimp,suit,select,cycle,evil,roast,until,merry,wall,expose,scheme,air,strong,left,grain,noodle,fatigue,crazy,mad
gold,tiger,scare,pepper,bracket,timber,credit,venture,detect,one,coconut,tuition,damp,planet,treat,exhaust,broom,setup,grab,always,acoustic,horse,web,assault,hood,royal,loop,inspire,state,confirm,mirror,mind,flash,pizza,charge,promote,patient,board,thrive,join,travel,refuse,raccoon,absurd,master,staff,accuse,sniff,prefer,hunt,nephew,away,early,fault,aware,moral,document,oil,expect,edge,regular,zoo,maximum,used,park,balance,near,pitch,yard,photo,mixture,apology,bridge,ozone,enemy,cram,ridge,dawn,group,hover,quick,hard,milk,emotion,review,arrange,resist,hurt,cluster,rely,pill,hybrid,egg,stick,true,hen,sweet,client,alarm,noble,bean,spatial,object,mixed,foil,eternal,start,swift,profit,medal,grass,gorilla,crouch,spread,toilet,embody,fever,broken,special,jewel,material,bar,fluid,nest,deliver,stairs,unable,waste
detail,crush,name,gloom,frown,rough,canyon,fitness,flame,man,episode,brave,mercy,pumpkin,inner,priority,uniform,visit,space,abuse,focus,employ,bargain,labor,plate,art,choice,squirrel,bird,champion,real,library,wrap,account,lumber,awful,piece,shop,shallow,behind,summer,grocery,volume,benefit,define,gravity,unaware,glide,furnace,spell,involve,uphold,film,laptop,job,report,achieve,melody,either,sing,cool,diesel,monitor,subject,mouse,odor,absent,tell,catalog,cradle,drop,dry,brass,gossip,page,old,clutch,echo,loan,stereo,predict,play,tourist,undo,blast,sand,sight,path,reject,enrich,attract,saddle,pelican,tribe,memory,fiction,help,aisle,afford,forget,glare,strategy,split,push,donor,drift,mom,heart,drink,permit,menu,sword,mass,auto,motor,blur,glow,strike,bachelor,illegal,globe,rich,elite,toss,forum,recipe,list,stove
render,stomach,midnight,dune,lend,token,oblige,reform,diamond,motion,kiss,twice,sleep,orphan,copper,under,banner,carbon,talk,claw,layer,erupt,snow,pull,cross,only,drama,source,winner,wild,barrel,put,jealous,neither,wave,isolate,adjust,fringe,balcony,rice,describe,jeans,clay,awake,spike,ten,alien,marriage,venue,reopen,cancel,sun,grit,lobster,romance,gate,lock,action,soap,tent,steak,middle,also,common,burden,ancient,say,curve,bundle,dumb,inside,broccoli,output,industry,sign,apart,prize,song,ghost,educate,finger,east,crisp,answer,useful,theme,pyramid,demand,nothing,merit,test,dash,hobby,duty,vacant,welcome,basket,hospital,six,fetch,degree,spider,gap,health,engine,firm,daughter,argue,people,payment,humble,warrior,ugly,version,swamp,stable,donkey,series,bread,legend,screen,modify,chest,box,rather,maple,crew,autumn
grow,pass,video,panther,castle,island,flip,chicken,wasp,dad,ginger,atom,regret,range,erosion,dove,mosquito,excite,net,second,desert,human,rebuild,like,taste,nation,reward,wrestle,luxury,clever,coast,poverty,anxiety,gospel,rail,inhale,ticket,victory,radio,season,cargo,luggage,minimum,shiver,lunch,need,they,advance,velvet,crystal,style,little,deposit,tray,kingdom,bright,jungle,fall,battle,notice,keen,length,lake,tunnel,jaguar,off,gain,scrub,boat,month,enjoy,satisfy,noise,crater,foot,town,salad,option,snake,corn,bunker,frost,vicious,bless,tattoo,salt,issue,solution,acquire,harbor,long,giant,manual,embrace,flush,hammer,south,earth,hotel,lion,outer,merge,hurry,doctor,become,found,lady,soccer,shoot,print,project,oval,save,bonus,runway,baby,adult,unknown,bind,fancy,mesh,toast,kitten,win,exercise,code,trap,stamp
clump,require,can,lava,thank,turtle,onion,illness,coin,learn,curtain,cement,squeeze,bronze,clerk,dust,hip,tooth,rule,century,chaos,renew,december,age,knock,nuclear,coffee,duck,unveil,van,close,boy,rigid,tumble,garlic,repair,cigar,unit,brisk,animal,urge,nice,turn,brief,poem,vibrant,village,anchor,message,essence,canal,enroll,warfare,butter,stem,game,recycle,quantum,side,fog,pulp,half,abstract,other,pretty,powder,audit,excuse,twenty,surface,urban,riot,farm,such,moon,blossom,debris,over,repeat,shield,quality,love,erase,lesson,swallow,teach,skirt,congress,horn,garden,dial,security,increase,ripple,frozen,stuff,mother,kidney,cactus,ring,sugar,risk,fit,immune,universe,lamp,convince,void,private,drip,belt,iron,replace,develop,winter,endorse,minute,destroy,eager,spirit,best,yellow,law,monkey,prison,clinic,connect,crunch
